{
  "label": "gnc_primary_rollout",
  "n_runs": 40,
  "n_success": 30,
  "success_rate": 0.75,
  "miss_distance_m": {
    "n": 40,
    "mean": 4.5350575,
    "median": 0.0085,
    "stdev": 15.793948843336922,
    "p50": 0.0085,
    "p90": 4.091950000000018,
    "p95": 19.38712499999985,
    "min": 0.0016,
    "max": 72.776,
    "cdf": [
      [
        0.0016,
        0.025
      ],
      [
        0.0024,
        0.075
      ],
      [
        0.0046,
        0.125
      ],
      [
        0.005,
        0.175
      ],
      [
        0.0054,
        0.225
      ],
      [
        0.0058,
        0.275
      ],
      [
        0.0063,
        0.325
      ],
      [
        0.0069,
        0.375
      ],
      [
        0.0074,
        0.425
      ],
      [
        0.0085,
        0.475
      ],
      [
        0.0085,
        0.525
      ],
      [
        0.0087,
        0.55
      ],
      [
        0.0091,
        0.6
      ],
      [
        0.0096,
        0.65
      ],
      [
        0.0108,
        0.7
      ],
      [
        0.0468,
        0.75
      ],
      [
        0.352,
        0.8
      ],
      [
        0.4468,
        0.85
      ],
      [
        2.783,
        0.9
      ],
      [
        16.6993,
        0.95
      ],
      [
        72.776,
        1.0
      ]
    ]
  },
  "intercept_time_s": {
    "n": 40,
    "mean": 2.23605,
    "stdev": 8.78673164194173,
    "p50": 0.2195,
    "p95": 10.619549999999993
  }
}
