{
  "label": "gnc_primary_baseline",
  "n_runs": 40,
  "n_success": 28,
  "success_rate": 0.7,
  "miss_distance_m": {
    "n": 40,
    "mean": 6.5150825,
    "median": 0.00835,
    "stdev": 14.340814987665231,
    "p50": 0.00835,
    "p90": 16.94977,
    "p95": 30.63697999999994,
    "min": 0.0025,
    "max": 68.9187,
    "cdf": [
      [
        0.0025,
        0.025
      ],
      [
        0.005,
        0.075
      ],
      [
        0.0053,
        0.125
      ],
      [
        0.0056,
        0.175
      ],
      [
        0.0058,
        0.225
      ],
      [
        0.0059,
        0.275
      ],
      [
        0.0065,
        0.325
      ],
      [
        0.0068,
        0.375
      ],
      [
        0.0069,
        0.425
      ],
      [
        0.0075,
        0.475
      ],
      [
        0.0088,
        0.525
      ],
      [
        0.0089,
        0.55
      ],
      [
        0.0095,
        0.6
      ],
      [
        0.012,
        0.65
      ],
      [
        0.062,
        0.7
      ],
      [
        0.3865,
        0.75
      ],
      [
        15.0801,
        0.8
      ],
      [
        15.4895,
        0.85
      ],
      [
        16.7456,
        0.9
      ],
      [
        29.6034,
        0.95
      ],
      [
        68.9187,
        1.0
      ]
    ]
  },
  "intercept_time_s": {
    "n": 40,
    "mean": 0.85945,
    "stdev": 3.3630706054883834,
    "p50": 0.245,
    "p95": 0.6364499999999886
  }
}
